Scholarship_Name,University_or_Provider,Country,Why_Excluded,Closing_Date,Official_URL,Last_Verified
HESPAL - Higher Education Scholarships for Palestinians,British Council,United Kingdom,Application deadline already passed,2026-02-27,https://www.britishcouncil.ps/en/study-uk/scholarships/hespal,2026-09-12
University of Sussex Scholarships for Palestine 2026,University of Sussex,United Kingdom,Application deadline already passed,2026-06-01,https://www.sussex.ac.uk/study/fees-funding/masters-scholarships/view/1946-Scholarships-for-Palestine,2026-09-12
University of Sheffield Gaza-Palestine Postgraduate Scholarship 2026,University of Sheffield,United Kingdom,Application deadline already passed,2026-05-26,https://www.sheffield.ac.uk/international/fees-and-funding/scholarships/postgraduate/gaza,2026-09-12
Goldsmiths Palestinian Scholarship 2026/2027,Goldsmiths University of London,United Kingdom,Application deadline already passed,2026-03-31,https://www.gold.ac.uk/fees-funding/scholarships/palestinian-scholarship/,2026-09-12
University of Leeds Gazan Humanitarian Scholarship,University of Leeds,United Kingdom,Application deadline already passed for 2026 cycle,2026-04-30,https://www.leeds.ac.uk/masters-scholarships-bursaries/doc/gazan-humanitarian-scholarship-1,2026-09-12
Hope Fund - AMIDEAST,AMIDEAST,United States,Application deadline already passed,2026-06-20,https://www.amideast.org/west-bank/find-a-scholarship/undergraduate-study/hope-fund-supplemental,2026-09-12
Ireland-Palestine Scholarship Programme 2026,Irish Government / AMIDEAST,Ireland,Application deadline already passed,2025-10-05,https://www.ireland.ie/en/ramallah/about/ireland-palestine-scholarship-programme/,2026-09-12
DAA In-Country Scholarship 2026-2027,DAAD,Germany,Application deadline already passed for current cycle,2024-09-30,https://www.daad-eastjerusalem.org/en/study-research-in-palestine/in-country-in-region-programme-in-developing-countries/,2026-09-12
Monash University Graduate Scholarship Round 3,Monash University,Australia,Application deadline already passed for Round 3,2026-07-31,https://www.monash.edu/study/fees-scholarships/scholarships/find-a-scholarship/monash-graduate-scholarship-mgs,2026-09-12
